[{"pk": 1, "model": "app_enfermedad.partecuerpo", "fields": {"nombre": "CABEZA_Y_ROSTRO"}}, {"pk": 2, "model": "app_enfermedad.partecuerpo", "fields": {"nombre": "OJOS"}}, {"pk": 3, "model": "app_enfermedad.partecuerpo", "fields": {"nombre": "OIDO"}}, {"pk": 4, "model": "app_enfermedad.partecuerpo", "fields": {"nombre": "NARIZ"}}, {"pk": 5, "model": "app_enfermedad.partecuerpo", "fields": {"nombre": "BOCA"}}, {"pk": 6, "model": "app_enfermedad.partecuerpo", "fields": {"nombre": "CUELLO"}}, {"pk": 7, "model": "app_enfermedad.partecuerpo", "fields": {"nombre": "EXTREMIDADES_SUPERIORES"}}, {"pk": 8, "model": "app_enfermedad.partecuerpo", "fields": {"nombre": "CORAZON "}}, {"pk": 9, "model": "app_enfermedad.partecuerpo", "fields": {"nombre": "PULMONES"}}, {"pk": 10, "model": "app_enfermedad.partecuerpo", "fields": {"nombre": "ABDOMEN"}}, {"pk": 11, "model": "app_enfermedad.partecuerpo", "fields": {"nombre": "EXTREMIDADES_INFERIORES"}}, {"pk": 12, "model": "app_enfermedad.partecuerpo", "fields": {"nombre": "PIEL"}}, {"pk": 13, "model": "app_enfermedad.partecuerpo", "fields": {"nombre": "NEUROLOGICO"}}, {"pk": 14, "model": "app_enfermedad.partecuerpo", "fields": {"nombre": "EXAMEN_DE_MAMA"}}, {"pk": 15, "model": "app_enfermedad.partecuerpo", "fields": {"nombre": "GENITALES_MASCULINOS"}}, {"pk": 16, "model": "app_enfermedad.partecuerpo", "fields": {"nombre": "GENITALES_FEMENINOS"}}, {"pk": 17, "model": "app_enfermedad.partecuerpo", "fields": {"nombre": "EXAMEN_RECTAL"}}, {"pk": 1, "model": "app_enfermedad.zonacuerpo", "fields": {"nombre": "Cabeza"}}, {"pk": 2, "model": "app_enfermedad.zonacuerpo", "fields": {"nombre": "Brazos"}}, {"pk": 3, "model": "app_enfermedad.zonacuerpo", "fields": {"nombre": "Pecho"}}, {"pk": 4, "model": "app_enfermedad.zonacuerpo", "fields": {"nombre": "Abdomen"}}, {"pk": 5, "model": "app_enfermedad.zonacuerpo", "fields": {"nombre": "Piernas"}}, {"pk": 6, "model": "app_enfermedad.zonacuerpo", "fields": {"nombre": "Generales"}}, {"pk": 7, "model": "app_enfermedad.zonacuerpo", "fields": {"nombre": "Pelvis"}}, {"pk": 1, "model": "app_enfermedad.aspecto", "fields": {"nombre": "Normocefalico"}}, {"pk": 2, "model": "app_enfermedad.aspecto", "fields": {"nombre": "Tumoraciones"}}, {"pk": 3, "model": "app_enfermedad.aspecto", "fields": {"nombre": "Hematomas"}}, {"pk": 4, "model": "app_enfermedad.aspecto", "fields": {"nombre": "Reblandecimientos"}}, {"pk": 5, "model": "app_enfermedad.aspecto", "fields": {"nombre": "Cuero Cabelludo y Cabello"}}, {"pk": 6, "model": "app_enfermedad.aspecto", "fields": {"nombre": "Lesiones / Heridas"}}, {"pk": 7, "model": "app_enfermedad.aspecto", "fields": {"nombre": "Simetria Facial"}}, {"pk": 8, "model": "app_enfermedad.aspecto", "fields": {"nombre": "Movimientos Faciales"}}, {"pk": 9, "model": "app_enfermedad.aspecto", "fields": {"nombre": "Escleras"}}, {"pk": 10, "model": "app_enfermedad.aspecto", "fields": {"nombre": "Conjuntivas"}}, {"pk": 11, "model": "app_enfermedad.aspecto", "fields": {"nombre": "Corneas"}}, {"pk": 12, "model": "app_enfermedad.aspecto", "fields": {"nombre": "Pupilas"}}, {"pk": 13, "model": "app_enfermedad.aspecto", "fields": {"nombre": "Musculos Extraoculares"}}, {"pk": 14, "model": "app_enfermedad.aspecto", "fields": {"nombre": "Vision Periferica"}}, {"pk": 15, "model": "app_enfermedad.aspecto", "fields": {"nombre": "Reflejo Pupilar"}}, {"pk": 16, "model": "app_enfermedad.aspecto", "fields": {"nombre": "Fondo de Ojo"}}, {"pk": 17, "model": "app_enfermedad.aspecto", "fields": {"nombre": "Vision"}}, {"pk": 18, "model": "app_enfermedad.aspecto", "fields": {"nombre": "Pabellon Auricular"}}, {"pk": 19, "model": "app_enfermedad.aspecto", "fields": {"nombre": "Canal Auditivo"}}, {"pk": 20, "model": "app_enfermedad.aspecto", "fields": {"nombre": "Membrana Timpanica"}}, {"pk": 21, "model": "app_enfermedad.aspecto", "fields": {"nombre": "Audicion (Simetria)"}}, {"pk": 22, "model": "app_enfermedad.aspecto", "fields": {"nombre": "Weber (Simetria)"}}, {"pk": 23, "model": "app_enfermedad.aspecto", "fields": {"nombre": "Rinne"}}, {"pk": 24, "model": "app_enfermedad.aspecto", "fields": {"nombre": "Septum (Lesiones, Desviaciones)"}}, {"pk": 25, "model": "app_enfermedad.aspecto", "fields": {"nombre": "Mucosa (Rinorrea, Congestion, Epistaxis)"}}, {"pk": 26, "model": "app_enfermedad.aspecto", "fields": {"nombre": "Senos Frontales (Sensibilidad)"}}, {"pk": 27, "model": "app_enfermedad.aspecto", "fields": {"nombre": "Senos Maxilares (Sensibilidad)"}}, {"pk": 28, "model": "app_enfermedad.aspecto", "fields": {"nombre": "Olfato"}}, {"pk": 29, "model": "app_enfermedad.aspecto", "fields": {"nombre": "Encias (Coloracion, Lesiones)"}}, {"pk": 30, "model": "app_enfermedad.aspecto", "fields": {"nombre": "Dientes (Edentula, Caries)"}}, {"pk": 31, "model": "app_enfermedad.aspecto", "fields": {"nombre": "Uvula (Elevacion, Lesiones)"}}, {"pk": 32, "model": "app_enfermedad.aspecto", "fields": {"nombre": "Lengua (Tamano, Papilas, Simetria)"}}, {"pk": 33, "model": "app_enfermedad.aspecto", "fields": {"nombre": "Movimientos de la lengua"}}, {"pk": 34, "model": "app_enfermedad.aspecto", "fields": {"nombre": "Amigdalas (Edema, Exudado)"}}, {"pk": 35, "model": "app_enfermedad.aspecto", "fields": {"nombre": "Mucosa (Humedad, Coloracion, Lesiones)"}}, {"pk": 36, "model": "app_enfermedad.aspecto", "fields": {"nombre": "Reflejo Nauseoso"}}, {"pk": 37, "model": "app_enfermedad.aspecto", "fields": {"nombre": "Deglucion"}}, {"pk": 38, "model": "app_enfermedad.aspecto", "fields": {"nombre": "Heridas / Cicatrices"}}, {"pk": 39, "model": "app_enfermedad.aspecto", "fields": {"nombre": "Traquea"}}, {"pk": 40, "model": "app_enfermedad.aspecto", "fields": {"nombre": "Tiroides (ubicacion, Simetria, Textura )"}}, {"pk": 41, "model": "app_enfermedad.aspecto", "fields": {"nombre": "Tiroides Sensibilidad"}}, {"pk": 42, "model": "app_enfermedad.aspecto", "fields": {"nombre": "Vasos Sanguineos - Distension Venosa Yugular"}}, {"pk": 43, "model": "app_enfermedad.aspecto", "fields": {"nombre": "Vasos Sanquineos - Soplo Carotideo"}}, {"pk": 44, "model": "app_enfermedad.aspecto", "fields": {"nombre": "Glandulas Salivales"}}, {"pk": 45, "model": "app_enfermedad.aspecto", "fields": {"nombre": "Ganglios Linfaticos (Submentonianos) "}}, {"pk": 46, "model": "app_enfermedad.aspecto", "fields": {"nombre": "Ganglios Linf\u00e1ticos (Pre Post Auriculares) "}}, {"pk": 47, "model": "app_enfermedad.aspecto", "fields": {"nombre": "Ganglios Linf\u00e1ticos (Cervicales) "}}, {"pk": 48, "model": "app_enfermedad.aspecto", "fields": {"nombre": "Ganglios Linf\u00e1ticos - Supracalviculares "}}, {"pk": 49, "model": "app_enfermedad.aspecto", "fields": {"nombre": "Elevacion de Hombros (XI Par Craneal)"}}, {"pk": 50, "model": "app_enfermedad.aspecto", "fields": {"nombre": "Contorno (Simetria, Edema)"}}, {"pk": 51, "model": "app_enfermedad.aspecto", "fields": {"nombre": "Fuerza y Tono"}}, {"pk": 52, "model": "app_enfermedad.aspecto", "fields": {"nombre": "Piel"}}, {"pk": 53, "model": "app_enfermedad.aspecto", "fields": {"nombre": "Unas (Lesiones)"}}, {"pk": 54, "model": "app_enfermedad.aspecto", "fields": {"nombre": "Sensibilidad"}}, {"pk": 55, "model": "app_enfermedad.aspecto", "fields": {"nombre": "Sensibilidad de Posici\u00f3n "}}, {"pk": 56, "model": "app_enfermedad.aspecto", "fields": {"nombre": "Sensibilidad de Vibraci\u00f3n "}}, {"pk": 57, "model": "app_enfermedad.aspecto", "fields": {"nombre": "Movimientos R\u00e1pidos Alternativos"}}, {"pk": 58, "model": "app_enfermedad.aspecto", "fields": {"nombre": "Test Dedo - Nariz"}}, {"pk": 59, "model": "app_enfermedad.aspecto", "fields": {"nombre": "Signo de Hoffman"}}, {"pk": 60, "model": "app_enfermedad.aspecto", "fields": {"nombre": "Reflejo Tendinoso Profundo Biceps"}}, {"pk": 61, "model": "app_enfermedad.aspecto", "fields": {"nombre": "Reflejo Tendinoso Profundo Triceps"}}, {"pk": 62, "model": "app_enfermedad.aspecto", "fields": {"nombre": "Braquioradial"}}, {"pk": 63, "model": "app_enfermedad.aspecto", "fields": {"nombre": "Inspecci\u00f3n (Presi\u00f3n Venosa Yugular, Impulso AP) "}}, {"pk": 64, "model": "app_enfermedad.aspecto", "fields": {"nombre": "Frecuencia y Ritmo"}}, {"pk": 65, "model": "app_enfermedad.aspecto", "fields": {"nombre": "S1 - S2"}}, {"pk": 66, "model": "app_enfermedad.aspecto", "fields": {"nombre": "Otros Sonidos (S3,S4, Murmullos, Frotes, Extras)"}}, {"pk": 67, "model": "app_enfermedad.aspecto", "fields": {"nombre": "Inspecci\u00f3n "}}, {"pk": 68, "model": "app_enfermedad.aspecto", "fields": {"nombre": "Expansi\u00f3n Tor\u00e1cica "}}, {"pk": 69, "model": "app_enfermedad.aspecto", "fields": {"nombre": "Posici\u00f3n Traqueal"}}, {"pk": 70, "model": "app_enfermedad.aspecto", "fields": {"nombre": "Palpaci\u00f3n (Fremitus) "}}, {"pk": 71, "model": "app_enfermedad.aspecto", "fields": {"nombre": "Auscultaci\u00f3n (Sibilantes, Roncus, Crepitantes)"}}, {"pk": 72, "model": "app_enfermedad.aspecto", "fields": {"nombre": "Percusi\u00f3n "}}, {"pk": 73, "model": "app_enfermedad.aspecto", "fields": {"nombre": "Excursi\u00f3n Diafragmatica"}}, {"pk": 74, "model": "app_enfermedad.aspecto", "fields": {"nombre": "Pectoriloquia Afona"}}, {"pk": 75, "model": "app_enfermedad.aspecto", "fields": {"nombre": "Egofonia"}}, {"pk": 76, "model": "app_enfermedad.aspecto", "fields": {"nombre": "Brocofonia"}}, {"pk": 77, "model": "app_enfermedad.aspecto", "fields": {"nombre": "Forma"}}, {"pk": 78, "model": "app_enfermedad.aspecto", "fields": {"nombre": "Simetr\u00eda Abdominal"}}, {"pk": 79, "model": "app_enfermedad.aspecto", "fields": {"nombre": "Auscultaci\u00f3n (Ruidos Intestinales) "}}, {"pk": 80, "model": "app_enfermedad.aspecto", "fields": {"nombre": "Auscultaci\u00f3n (Aorta, Arteria Renal) "}}, {"pk": 81, "model": "app_enfermedad.aspecto", "fields": {"nombre": "Percusi\u00f3n"}}, {"pk": 82, "model": "app_enfermedad.aspecto", "fields": {"nombre": "Palpaci\u00f3n Superficial"}}, {"pk": 83, "model": "app_enfermedad.aspecto", "fields": {"nombre": "Palpaci\u00f3n Profunda"}}, {"pk": 84, "model": "app_enfermedad.aspecto", "fields": {"nombre": "Ganglios Linf\u00e1ticos Inguinales"}}, {"pk": 85, "model": "app_enfermedad.aspecto", "fields": {"nombre": "Contorno (Simetr\u00eda, Edema, Deformidad)"}}, {"pk": 86, "model": "app_enfermedad.aspecto", "fields": {"nombre": "Piel y Vasos (Discromias, Varicocidades)"}}, {"pk": 87, "model": "app_enfermedad.aspecto", "fields": {"nombre": "Pulsos Perifericos (Femoral, Popliteo, Tibial)"}}, {"pk": 88, "model": "app_enfermedad.aspecto", "fields": {"nombre": "Unas de los pies (Lesiones)"}}, {"pk": 89, "model": "app_enfermedad.aspecto", "fields": {"nombre": "Reflejos Tendinosos Profundos (Patelar, Aquiles)"}}, {"pk": 90, "model": "app_enfermedad.aspecto", "fields": {"nombre": "Sensorio"}}, {"pk": 91, "model": "app_enfermedad.aspecto", "fields": {"nombre": "Sensibilidad de Posici\u00f3n."}}, {"pk": 92, "model": "app_enfermedad.aspecto", "fields": {"nombre": "Sensibilidad de Vibraci\u00f3n."}}, {"pk": 93, "model": "app_enfermedad.aspecto", "fields": {"nombre": "Reflejo de Babinski"}}, {"pk": 94, "model": "app_enfermedad.aspecto", "fields": {"nombre": "Color (Ictericia, Cianosis)"}}, {"pk": 95, "model": "app_enfermedad.aspecto", "fields": {"nombre": "Humedad"}}, {"pk": 96, "model": "app_enfermedad.aspecto", "fields": {"nombre": "Turgencia"}}, {"pk": 97, "model": "app_enfermedad.aspecto", "fields": {"nombre": "Lesiones"}}, {"pk": 98, "model": "app_enfermedad.aspecto", "fields": {"nombre": "Heridas"}}, {"pk": 99, "model": "app_enfermedad.aspecto", "fields": {"nombre": "Lunares Sospechosos"}}, {"pk": 100, "model": "app_enfermedad.aspecto", "fields": {"nombre": "Tatuajes"}}, {"pk": 101, "model": "app_enfermedad.aspecto", "fields": {"nombre": "Comportamiento"}}, {"pk": 102, "model": "app_enfermedad.aspecto", "fields": {"nombre": "Discurso"}}, {"pk": 103, "model": "app_enfermedad.aspecto", "fields": {"nombre": "Funciones Sensoriales y Motoras"}}, {"pk": 104, "model": "app_enfermedad.aspecto", "fields": {"nombre": "Postura"}}, {"pk": 105, "model": "app_enfermedad.aspecto", "fields": {"nombre": "Deambulacion "}}, {"pk": 106, "model": "app_enfermedad.aspecto", "fields": {"nombre": "Romberg"}}, {"pk": 107, "model": "app_enfermedad.aspecto", "fields": {"nombre": "Piel (Color)"}}, {"pk": 108, "model": "app_enfermedad.aspecto", "fields": {"nombre": "Contorno, Tama\u00f1o y Simetr\u00eda"}}, {"pk": 109, "model": "app_enfermedad.aspecto", "fields": {"nombre": "Palpaci\u00f3n (Sensibilidad, Tumoraciones) "}}, {"pk": 110, "model": "app_enfermedad.aspecto", "fields": {"nombre": "Complejo Areola Pez\u00f3n (Telorrea, Telorragia) "}}, {"pk": 111, "model": "app_enfermedad.aspecto", "fields": {"nombre": "Ganglios linf\u00e1ticos axilares "}}, {"pk": 112, "model": "app_enfermedad.aspecto", "fields": {"nombre": "Pene (Lesiones, Secreciones)"}}, {"pk": 113, "model": "app_enfermedad.aspecto", "fields": {"nombre": "Test\u00edculos, Epid\u00eddimo, Cord\u00f3n Esperm\u00e1tico "}}, {"pk": 114, "model": "app_enfermedad.aspecto", "fields": {"nombre": "Hernia Inguinal - Crural"}}, {"pk": 115, "model": "app_enfermedad.aspecto", "fields": {"nombre": "Inspecci\u00f3n."}}, {"pk": 116, "model": "app_enfermedad.aspecto", "fields": {"nombre": "Tacto"}}, {"pk": 117, "model": "app_enfermedad.aspecto", "fields": {"nombre": "Test - Test Schiller"}}, {"pk": 118, "model": "app_enfermedad.aspecto", "fields": {"nombre": "Colposcopia"}}, {"pk": 119, "model": "app_enfermedad.aspecto", "fields": {"nombre": "Hernia Inguinal - Crural."}}, {"pk": 120, "model": "app_enfermedad.aspecto", "fields": {"nombre": "Hemorroides"}}, {"pk": 121, "model": "app_enfermedad.aspecto", "fields": {"nombre": "Lesiones en Ampolla Rectal"}}, {"pk": 122, "model": "app_enfermedad.aspecto", "fields": {"nombre": "Pr\u00f3stata (Tama\u00f1o, Forma, Consistencia)"}}, {"pk": 1, "model": "app_enfermedad.zonaparte", "fields": {"zonacuerpo": 1, "partecuerpo": 1}}, {"pk": 2, "model": "app_enfermedad.zonaparte", "fields": {"zonacuerpo": 1, "partecuerpo": 2}}, {"pk": 3, "model": "app_enfermedad.zonaparte", "fields": {"zonacuerpo": 1, "partecuerpo": 3}}, {"pk": 4, "model": "app_enfermedad.zonaparte", "fields": {"zonacuerpo": 1, "partecuerpo": 4}}, {"pk": 5, "model": "app_enfermedad.zonaparte", "fields": {"zonacuerpo": 1, "partecuerpo": 5}}, {"pk": 6, "model": "app_enfermedad.zonaparte", "fields": {"zonacuerpo": 1, "partecuerpo": 6}}, {"pk": 7, "model": "app_enfermedad.zonaparte", "fields": {"zonacuerpo": 2, "partecuerpo": 7}}, {"pk": 8, "model": "app_enfermedad.zonaparte", "fields": {"zonacuerpo": 3, "partecuerpo": 8}}, {"pk": 9, "model": "app_enfermedad.zonaparte", "fields": {"zonacuerpo": 3, "partecuerpo": 9}}, {"pk": 10, "model": "app_enfermedad.zonaparte", "fields": {"zonacuerpo": 4, "partecuerpo": 10}}, {"pk": 11, "model": "app_enfermedad.zonaparte", "fields": {"zonacuerpo": 5, "partecuerpo": 11}}, {"pk": 12, "model": "app_enfermedad.zonaparte", "fields": {"zonacuerpo": 6, "partecuerpo": 12}}, {"pk": 13, "model": "app_enfermedad.zonaparte", "fields": {"zonacuerpo": 6, "partecuerpo": 13}}, {"pk": 14, "model": "app_enfermedad.zonaparte", "fields": {"zonacuerpo": 7, "partecuerpo": 15}}, {"pk": 15, "model": "app_enfermedad.zonaparte", "fields": {"zonacuerpo": 7, "partecuerpo": 16}}, {"pk": 16, "model": "app_enfermedad.zonaparte", "fields": {"zonacuerpo": 7, "partecuerpo": 17}}, {"pk": 17, "model": "app_enfermedad.zonaparte", "fields": {"zonacuerpo": 3, "partecuerpo": 14}}, {"pk": 1, "model": "app_enfermedad.parteaspecto", "fields": {"aspecto": 1, "partecuerpo": 1}}, {"pk": 2, "model": "app_enfermedad.parteaspecto", "fields": {"aspecto": 2, "partecuerpo": 1}}, {"pk": 3, "model": "app_enfermedad.parteaspecto", "fields": {"aspecto": 3, "partecuerpo": 1}}, {"pk": 4, "model": "app_enfermedad.parteaspecto", "fields": {"aspecto": 4, "partecuerpo": 1}}, {"pk": 5, "model": "app_enfermedad.parteaspecto", "fields": {"aspecto": 5, "partecuerpo": 1}}, {"pk": 6, "model": "app_enfermedad.parteaspecto", "fields": {"aspecto": 6, "partecuerpo": 1}}, {"pk": 7, "model": "app_enfermedad.parteaspecto", "fields": {"aspecto": 7, "partecuerpo": 1}}, {"pk": 8, "model": "app_enfermedad.parteaspecto", "fields": {"aspecto": 8, "partecuerpo": 1}}, {"pk": 9, "model": "app_enfermedad.parteaspecto", "fields": {"aspecto": 9, "partecuerpo": 2}}, {"pk": 10, "model": "app_enfermedad.parteaspecto", "fields": {"aspecto": 10, "partecuerpo": 2}}, {"pk": 11, "model": "app_enfermedad.parteaspecto", "fields": {"aspecto": 11, "partecuerpo": 2}}, {"pk": 12, "model": "app_enfermedad.parteaspecto", "fields": {"aspecto": 12, "partecuerpo": 2}}, {"pk": 13, "model": "app_enfermedad.parteaspecto", "fields": {"aspecto": 13, "partecuerpo": 2}}, {"pk": 14, "model": "app_enfermedad.parteaspecto", "fields": {"aspecto": 14, "partecuerpo": 2}}, {"pk": 15, "model": "app_enfermedad.parteaspecto", "fields": {"aspecto": 15, "partecuerpo": 2}}, {"pk": 16, "model": "app_enfermedad.parteaspecto", "fields": {"aspecto": 16, "partecuerpo": 2}}, {"pk": 17, "model": "app_enfermedad.parteaspecto", "fields": {"aspecto": 17, "partecuerpo": 2}}, {"pk": 18, "model": "app_enfermedad.parteaspecto", "fields": {"aspecto": 18, "partecuerpo": 3}}, {"pk": 19, "model": "app_enfermedad.parteaspecto", "fields": {"aspecto": 19, "partecuerpo": 3}}, {"pk": 20, "model": "app_enfermedad.parteaspecto", "fields": {"aspecto": 20, "partecuerpo": 3}}, {"pk": 21, "model": "app_enfermedad.parteaspecto", "fields": {"aspecto": 21, "partecuerpo": 3}}, {"pk": 22, "model": "app_enfermedad.parteaspecto", "fields": {"aspecto": 22, "partecuerpo": 3}}, {"pk": 23, "model": "app_enfermedad.parteaspecto", "fields": {"aspecto": 23, "partecuerpo": 3}}, {"pk": 24, "model": "app_enfermedad.parteaspecto", "fields": {"aspecto": 24, "partecuerpo": 4}}, {"pk": 25, "model": "app_enfermedad.parteaspecto", "fields": {"aspecto": 25, "partecuerpo": 4}}, {"pk": 26, "model": "app_enfermedad.parteaspecto", "fields": {"aspecto": 26, "partecuerpo": 4}}, {"pk": 27, "model": "app_enfermedad.parteaspecto", "fields": {"aspecto": 27, "partecuerpo": 4}}, {"pk": 28, "model": "app_enfermedad.parteaspecto", "fields": {"aspecto": 28, "partecuerpo": 4}}, {"pk": 29, "model": "app_enfermedad.parteaspecto", "fields": {"aspecto": 29, "partecuerpo": 5}}, {"pk": 30, "model": "app_enfermedad.parteaspecto", "fields": {"aspecto": 30, "partecuerpo": 5}}, {"pk": 31, "model": "app_enfermedad.parteaspecto", "fields": {"aspecto": 31, "partecuerpo": 5}}, {"pk": 32, "model": "app_enfermedad.parteaspecto", "fields": {"aspecto": 32, "partecuerpo": 5}}, {"pk": 33, "model": "app_enfermedad.parteaspecto", "fields": {"aspecto": 33, "partecuerpo": 5}}, {"pk": 34, "model": "app_enfermedad.parteaspecto", "fields": {"aspecto": 34, "partecuerpo": 5}}, {"pk": 35, "model": "app_enfermedad.parteaspecto", "fields": {"aspecto": 35, "partecuerpo": 5}}, {"pk": 36, "model": "app_enfermedad.parteaspecto", "fields": {"aspecto": 36, "partecuerpo": 5}}, {"pk": 37, "model": "app_enfermedad.parteaspecto", "fields": {"aspecto": 37, "partecuerpo": 5}}, {"pk": 38, "model": "app_enfermedad.parteaspecto", "fields": {"aspecto": 38, "partecuerpo": 6}}, {"pk": 39, "model": "app_enfermedad.parteaspecto", "fields": {"aspecto": 39, "partecuerpo": 6}}, {"pk": 40, "model": "app_enfermedad.parteaspecto", "fields": {"aspecto": 40, "partecuerpo": 6}}, {"pk": 41, "model": "app_enfermedad.parteaspecto", "fields": {"aspecto": 42, "partecuerpo": 6}}, {"pk": 42, "model": "app_enfermedad.parteaspecto", "fields": {"aspecto": 44, "partecuerpo": 6}}, {"pk": 43, "model": "app_enfermedad.parteaspecto", "fields": {"aspecto": 45, "partecuerpo": 6}}, {"pk": 44, "model": "app_enfermedad.parteaspecto", "fields": {"aspecto": 46, "partecuerpo": 6}}, {"pk": 45, "model": "app_enfermedad.parteaspecto", "fields": {"aspecto": 47, "partecuerpo": 6}}, {"pk": 46, "model": "app_enfermedad.parteaspecto", "fields": {"aspecto": 48, "partecuerpo": 6}}, {"pk": 47, "model": "app_enfermedad.parteaspecto", "fields": {"aspecto": 49, "partecuerpo": 6}}, {"pk": 48, "model": "app_enfermedad.parteaspecto", "fields": {"aspecto": 50, "partecuerpo": 7}}, {"pk": 49, "model": "app_enfermedad.parteaspecto", "fields": {"aspecto": 51, "partecuerpo": 7}}, {"pk": 50, "model": "app_enfermedad.parteaspecto", "fields": {"aspecto": 52, "partecuerpo": 7}}, {"pk": 51, "model": "app_enfermedad.parteaspecto", "fields": {"aspecto": 53, "partecuerpo": 7}}, {"pk": 52, "model": "app_enfermedad.parteaspecto", "fields": {"aspecto": 54, "partecuerpo": 7}}, {"pk": 53, "model": "app_enfermedad.parteaspecto", "fields": {"aspecto": 55, "partecuerpo": 7}}, {"pk": 54, "model": "app_enfermedad.parteaspecto", "fields": {"aspecto": 56, "partecuerpo": 7}}, {"pk": 55, "model": "app_enfermedad.parteaspecto", "fields": {"aspecto": 57, "partecuerpo": 7}}, {"pk": 56, "model": "app_enfermedad.parteaspecto", "fields": {"aspecto": 58, "partecuerpo": 7}}, {"pk": 57, "model": "app_enfermedad.parteaspecto", "fields": {"aspecto": 59, "partecuerpo": 7}}, {"pk": 58, "model": "app_enfermedad.parteaspecto", "fields": {"aspecto": 60, "partecuerpo": 7}}, {"pk": 59, "model": "app_enfermedad.parteaspecto", "fields": {"aspecto": 61, "partecuerpo": 7}}, {"pk": 60, "model": "app_enfermedad.parteaspecto", "fields": {"aspecto": 62, "partecuerpo": 7}}, {"pk": 61, "model": "app_enfermedad.parteaspecto", "fields": {"aspecto": 63, "partecuerpo": 8}}, {"pk": 62, "model": "app_enfermedad.parteaspecto", "fields": {"aspecto": 64, "partecuerpo": 8}}, {"pk": 63, "model": "app_enfermedad.parteaspecto", "fields": {"aspecto": 65, "partecuerpo": 8}}, {"pk": 64, "model": "app_enfermedad.parteaspecto", "fields": {"aspecto": 66, "partecuerpo": 8}}, {"pk": 66, "model": "app_enfermedad.parteaspecto", "fields": {"aspecto": 67, "partecuerpo": 9}}, {"pk": 67, "model": "app_enfermedad.parteaspecto", "fields": {"aspecto": 68, "partecuerpo": 9}}, {"pk": 68, "model": "app_enfermedad.parteaspecto", "fields": {"aspecto": 69, "partecuerpo": 9}}, {"pk": 69, "model": "app_enfermedad.parteaspecto", "fields": {"aspecto": 70, "partecuerpo": 9}}, {"pk": 70, "model": "app_enfermedad.parteaspecto", "fields": {"aspecto": 71, "partecuerpo": 9}}, {"pk": 71, "model": "app_enfermedad.parteaspecto", "fields": {"aspecto": 72, "partecuerpo": 9}}, {"pk": 72, "model": "app_enfermedad.parteaspecto", "fields": {"aspecto": 73, "partecuerpo": 9}}, {"pk": 73, "model": "app_enfermedad.parteaspecto", "fields": {"aspecto": 74, "partecuerpo": 9}}, {"pk": 74, "model": "app_enfermedad.parteaspecto", "fields": {"aspecto": 75, "partecuerpo": 9}}, {"pk": 75, "model": "app_enfermedad.parteaspecto", "fields": {"aspecto": 76, "partecuerpo": 9}}, {"pk": 76, "model": "app_enfermedad.parteaspecto", "fields": {"aspecto": 77, "partecuerpo": 10}}, {"pk": 77, "model": "app_enfermedad.parteaspecto", "fields": {"aspecto": 78, "partecuerpo": 10}}, {"pk": 78, "model": "app_enfermedad.parteaspecto", "fields": {"aspecto": 79, "partecuerpo": 10}}, {"pk": 79, "model": "app_enfermedad.parteaspecto", "fields": {"aspecto": 80, "partecuerpo": 10}}, {"pk": 80, "model": "app_enfermedad.parteaspecto", "fields": {"aspecto": 81, "partecuerpo": 10}}, {"pk": 81, "model": "app_enfermedad.parteaspecto", "fields": {"aspecto": 82, "partecuerpo": 10}}, {"pk": 82, "model": "app_enfermedad.parteaspecto", "fields": {"aspecto": 83, "partecuerpo": 10}}, {"pk": 83, "model": "app_enfermedad.parteaspecto", "fields": {"aspecto": 84, "partecuerpo": 10}}, {"pk": 84, "model": "app_enfermedad.parteaspecto", "fields": {"aspecto": 85, "partecuerpo": 11}}, {"pk": 85, "model": "app_enfermedad.parteaspecto", "fields": {"aspecto": 86, "partecuerpo": 11}}, {"pk": 86, "model": "app_enfermedad.parteaspecto", "fields": {"aspecto": 87, "partecuerpo": 11}}, {"pk": 87, "model": "app_enfermedad.parteaspecto", "fields": {"aspecto": 88, "partecuerpo": 11}}, {"pk": 88, "model": "app_enfermedad.parteaspecto", "fields": {"aspecto": 89, "partecuerpo": 11}}, {"pk": 89, "model": "app_enfermedad.parteaspecto", "fields": {"aspecto": 90, "partecuerpo": 11}}, {"pk": 90, "model": "app_enfermedad.parteaspecto", "fields": {"aspecto": 91, "partecuerpo": 11}}, {"pk": 91, "model": "app_enfermedad.parteaspecto", "fields": {"aspecto": 92, "partecuerpo": 11}}, {"pk": 92, "model": "app_enfermedad.parteaspecto", "fields": {"aspecto": 93, "partecuerpo": 11}}, {"pk": 93, "model": "app_enfermedad.parteaspecto", "fields": {"aspecto": 94, "partecuerpo": 12}}, {"pk": 94, "model": "app_enfermedad.parteaspecto", "fields": {"aspecto": 95, "partecuerpo": 12}}, {"pk": 95, "model": "app_enfermedad.parteaspecto", "fields": {"aspecto": 96, "partecuerpo": 12}}, {"pk": 96, "model": "app_enfermedad.parteaspecto", "fields": {"aspecto": 97, "partecuerpo": 12}}, {"pk": 97, "model": "app_enfermedad.parteaspecto", "fields": {"aspecto": 99, "partecuerpo": 12}}, {"pk": 98, "model": "app_enfermedad.parteaspecto", "fields": {"aspecto": 100, "partecuerpo": 12}}, {"pk": 99, "model": "app_enfermedad.parteaspecto", "fields": {"aspecto": 101, "partecuerpo": 13}}, {"pk": 100, "model": "app_enfermedad.parteaspecto", "fields": {"aspecto": 102, "partecuerpo": 13}}, {"pk": 101, "model": "app_enfermedad.parteaspecto", "fields": {"aspecto": 103, "partecuerpo": 13}}, {"pk": 102, "model": "app_enfermedad.parteaspecto", "fields": {"aspecto": 104, "partecuerpo": 13}}, {"pk": 103, "model": "app_enfermedad.parteaspecto", "fields": {"aspecto": 105, "partecuerpo": 13}}, {"pk": 104, "model": "app_enfermedad.parteaspecto", "fields": {"aspecto": 106, "partecuerpo": 13}}, {"pk": 105, "model": "app_enfermedad.parteaspecto", "fields": {"aspecto": 107, "partecuerpo": 14}}, {"pk": 106, "model": "app_enfermedad.parteaspecto", "fields": {"aspecto": 108, "partecuerpo": 14}}, {"pk": 107, "model": "app_enfermedad.parteaspecto", "fields": {"aspecto": 109, "partecuerpo": 14}}, {"pk": 108, "model": "app_enfermedad.parteaspecto", "fields": {"aspecto": 110, "partecuerpo": 14}}, {"pk": 109, "model": "app_enfermedad.parteaspecto", "fields": {"aspecto": 111, "partecuerpo": 14}}, {"pk": 110, "model": "app_enfermedad.parteaspecto", "fields": {"aspecto": 112, "partecuerpo": 15}}, {"pk": 111, "model": "app_enfermedad.parteaspecto", "fields": {"aspecto": 113, "partecuerpo": 15}}, {"pk": 112, "model": "app_enfermedad.parteaspecto", "fields": {"aspecto": 114, "partecuerpo": 15}}, {"pk": 113, "model": "app_enfermedad.parteaspecto", "fields": {"aspecto": 115, "partecuerpo": 16}}, {"pk": 114, "model": "app_enfermedad.parteaspecto", "fields": {"aspecto": 116, "partecuerpo": 16}}, {"pk": 115, "model": "app_enfermedad.parteaspecto", "fields": {"aspecto": 117, "partecuerpo": 16}}, {"pk": 116, "model": "app_enfermedad.parteaspecto", "fields": {"aspecto": 118, "partecuerpo": 16}}, {"pk": 117, "model": "app_enfermedad.parteaspecto", "fields": {"aspecto": 119, "partecuerpo": 16}}, {"pk": 118, "model": "app_enfermedad.parteaspecto", "fields": {"aspecto": 120, "partecuerpo": 17}}, {"pk": 119, "model": "app_enfermedad.parteaspecto", "fields": {"aspecto": 121, "partecuerpo": 17}}, {"pk": 120, "model": "app_enfermedad.parteaspecto", "fields": {"aspecto": 122, "partecuerpo": 17}}]